{"cameraMode":{"drawMode":0,"name":"Shaded","section":"Shading Mode"},"sceneLighting":true,"audioPlay":false,"sceneViewState":{"showFog":true,"showMaterialUpdate":false,"showSkybox":true,"showFlares":true,"showImageEffects":true,"showParticleSystems":true},"in2DMode":false,"pivot":{"x":2.978841781616211,"y":-0.3161793649196625,"z":-5.029223442077637},"rotation":{"x":-0.2558078467845917,"y":0.08888112753629685,"z":-0.023628734052181245,"w":-0.9623430967330933},"size":979.3692626953125,"orthographic":true}